Functions,Link,Address,R/W,describe
DI_DG,Link1,1x1,R,MIBRX-72
DI_1,Link1,1x2,R,MIBRX-72
DI_2,Link1,1x3,R,MIBRX-72
DI_3,Link1,1x4,R,MIBRX-72
DO_RLED,Link1,0x1,R/W,MIBRX-72
DO_ALARM,Link1,0x2,R/W,MIBRX-72
DO_ESTOP,Link1,0x3,R/W,MIBRX-72
pb_CORR,Link1,3x1,R,MIBRX-72
pa_CORR,Link1,3x2,R,MIBRX-72
tb_CORR,Link1,3x3,R,MIBRX-72
ta_CORR,Link1,3x4,R,MIBRX-72
pba_DIFF,Link1,3x5,R,MIBRX-72
VAR_OUT_05,Link1,3x6,R,MIBRX-72
pb_INT,Link1,3x7,R,MIBRX-72
pa_INT,Link1,3x8,R,MIBRX-72
pb_ACT,Link1,3x9,R,MIBRX-72
pa_ACT,Link1,3x10,R,MIBRX-72
pb_OFFSET,Link1,3x11,R,MIBRX-72
pa_OFFSET,Link1,3x12,R,MIBRX-72
tb_INT,Link1,3x13,R,MIBRX-72
ta_INT,Link1,3x14,R,MIBRX-72
VAR_OUT_14,Link1,3x15,R,MIBRX-72
VAR_OUT_15,Link1,3x16,R,MIBRX-72
O_DD,Link1,3x17,R,MIBRX-72
O_MMM,Link1,3x18,R,MIBRX-72
O_YYYY,Link1,3x19,R,MIBRX-72
O_HH,Link1,3x20,R,MIBRX-72
O_MM,Link1,3x21,R,MIBRX-72
O_SS,Link1,3x22,R,MIBRX-72
VAR_OUT_22,Link1,3x23,R,MIBRX-72
VAR_OUT_23,Link1,3x24,R,MIBRX-72
VAR_OUT_24,Link1,3x25,R,MIBRX-72
VAR_OUT_25,Link1,3x26,R,MIBRX-72
VAR_OUT_26,Link1,3x27,R,MIBRX-72
VAR_OUT_27,Link1,3x28,R,MIBRX-72
VAR_OUT_28,Link1,3x29,R,MIBRX-72
VAR_OUT_29,Link1,3x30,R,MIBRX-72
VAR_OUT_30,Link1,3x31,R,MIBRX-72
VAR_OUT_31,Link1,3x32,R,MIBRX-72
VAR_OUT_32,Link1,3x33,R,MIBRX-72
VAR_OUT_33,Link1,3x34,R,MIBRX-72
VAR_OUT_34,Link1,3x35,R,MIBRX-72
VAR_OUT_35,Link1,3x36,R,MIBRX-72
SHOW_WHICH_v,Link1,3x37,R,MIBRX-72
SHOW_WHICH_t,Link1,3x38,R,MIBRX-72
SHOW_THIS_v,Link1,3x39,R,MIBRX-72
SHOW_WHICH_e,Link1,3x40,R,MIBRX-72
SHOW_THIS_e,Link1,3x41,R,MIBRX-72
VAR_OUT_41,Link1,3x42,R,MIBRX-72
VAR_OUT_42,Link1,3x43,R,MIBRX-72
VAR_OUT_43,Link1,3x44,R,MIBRX-72
gcDay,Link1,3x45,R,MIBRX-72
pb_ERR,Link1,3x46,R,MIBRX-72
pa_ERR,Link1,3x47,R,MIBRX-72
tb_ERR,Link1,3x48,R,MIBRX-72
ta_ERR,Link1,3x49,R,MIBRX-72
VAR_IN_00,Link1,4x1,R/W,MIBRX-72
pScInHi,Link1,4x2,R/W,MIBRX-72
pScInLo,Link1,4x3,R/W,MIBRX-72
pScOutHi,Link1,4x4,R/W,MIBRX-72
pScOutLo,Link1,4x5,R/W,MIBRX-72
VAR_IN_05,Link1,4x6,R/W,MIBRX-72
idTemp,Link1,4x7,R/W,MIBRX-72
idPress,Link1,4x8,R/W,MIBRX-72
ovTemp,Link1,4x9,R/W,MIBRX-72
ovPress,Link1,4x10,R/W,MIBRX-72
pTemp_1,Link1,4x11,R/W,MIBRX-72
pTemp_2,Link1,4x12,R/W,MIBRX-72
pTemp_3,Link1,4x13,R/W,MIBRX-72
pTemp_4,Link1,4x14,R/W,MIBRX-72
pTemp_5,Link1,4x15,R/W,MIBRX-72
pTemp_6,Link1,4x16,R/W,MIBRX-72
pTemp_7,Link1,4x17,R/W,MIBRX-72
pPress_1,Link1,4x18,R/W,MIBRX-72
pPress_2,Link1,4x19,R/W,MIBRX-72
pPress_3,Link1,4x20,R/W,MIBRX-72
pPress_4,Link1,4x21,R/W,MIBRX-72
pPress_5,Link1,4x22,R/W,MIBRX-72
pPress_6,Link1,4x23,R/W,MIBRX-72
pPress_7,Link1,4x24,R/W,MIBRX-72
VAR_IN_24,Link1,4x25,R/W,MIBRX-72
VAR_IN_25,Link1,4x26,R/W,MIBRX-72
I_DD,Link1,4x27,R/W,MIBRX-72
I_MMM,Link1,4x28,R/W,MIBRX-72
I_YYYY,Link1,4x29,R/W,MIBRX-72
I_HH,Link1,4x30,R/W,MIBRX-72
I_MM,Link1,4x31,R/W,MIBRX-72
I_SS,Link1,4x32,R/W,MIBRX-72
VAR_IN_32,Link1,4x33,R/W,MIBRX-72
VAR_IN_33,Link1,4x34,R/W,MIBRX-72
VAR_IN_34,Link1,4x35,R/W,MIBRX-72
VAR_IN_35,Link1,4x36,R/W,MIBRX-72
VAR_IN_36,Link1,4x37,R/W,MIBRX-72
VAR_IN_37,Link1,4x38,R/W,MIBRX-72
VAR_IN_38,Link1,4x39,R/W,MIBRX-72
VAR_IN_39,Link1,4x40,R/W,MIBRX-72
VAR_IN_40,Link1,4x41,R/W,MIBRX-72
VAR_IN_41,Link1,4x42,R/W,MIBRX-72
VAR_IN_42,Link1,4x43,R/W,MIBRX-72
VAR_IN_43,Link1,4x44,R/W,MIBRX-72
cDay,Link1,4x45,R/W,MIBRX-72
CH1,Link1,4x46,R/W,MIBRX-72
CH2,Link1,4x47,R/W,MIBRX-72
CH3,Link1,4x48,R/W,MIBRX-72
CH4,Link1,4x49,R/W,MIBRX-72
VAR_IN_OUT_00,Link1,4x50,R/W,MIBRX-72
VAR_IN_OUT_01,Link1,4x51,R/W,MIBRX-72
VAR_IN_OUT_02,Link1,4x52,R/W,MIBRX-72
VAR_IN_OUT_03,Link1,4x53,R/W,MIBRX-72
VAR_IN_OUT_04,Link1,4x54,R/W,MIBRX-72
ip_h,Link1,4x55,R/W,MIBRX-72
ip_l,Link1,4x56,R/W,MIBRX-72
pb_PV,Link1,4x1,R/W,MIBRX-72
pa_PV,Link1,4x1,R/W,MIBRX-72
tb_PV,Link1,4x1,R/W,MIBRX-72
ta_PV,Link1,4x1,R/W,MIBRX-72
BOOL_00,Link1,0x1,R/W,MIBRX-72
BOOL_01,Link1,0x1,R/W,MIBRX-72
BOOL_02,Link1,0x1,R/W,MIBRX-72
DGR_FAIL,Link1,0x4,R/W,MIBRX-72
ANALOG_OK,Link1,0x5,R/W,MIBRX-72
NORMAL_OPR,Link1,0x6,R/W,MIBRX-72
DISCN_pb,Link1,0x7,R/W,MIBRX-72
DISCN_pa,Link1,0x8,R/W,MIBRX-72
DISCN_tb,Link1,0x9,R/W,MIBRX-72
ESTOP_ACT,Link1,0x10,R/W,MIBRX-72
ESTOP_FAIL,Link1,0x11,R/W,MIBRX-72
DG_RUNNING,Link1,0x12,R/W,MIBRX-72
BOOL_12,Link1,0x13,R/W,MIBRX-72
BOOL_13,Link1,0x14,R/W,MIBRX-72
IP_SET,Link1,0x15,R/W,MIBRX-72
IP_CLEAR,Link1,0x16,R/W,MIBRX-72
CONFIG,Link1,0x17,R/W,MIBRX-72
RTC_SET,Link1,0x18,R/W,MIBRX-72
RTC_GET,Link1,0x19,R/W,MIBRX-72
BOOL_19,Link1,0x20,R/W,MIBRX-72
calb_opr,Link1,0x21,R/W,MIBRX-72
BOOL_21,Link1,0x22,R/W,MIBRX-72
calb_pb_ok,Link1,0x23,R/W,MIBRX-72
calb_pa_ok,Link1,0x24,R/W,MIBRX-72
RESET_ERRM,Link1,0x25,R/W,MIBRX-72
RESET_ERRS,Link1,0x26,R/W,MIBRX-72
alarm_int_opr,Link1,0x27,R/W,MIBRX-72
alarm_ext_opr,Link1,0x28,R/W,MIBRX-72
alarm_silence,Link1,0x29,R/W,MIBRX-72
BOOL_29,Link1,0x30,R/W,MIBRX-72
BOOL_30,Link1,0x31,R/W,MIBRX-72
BOOL_31,Link1,0x32,R/W,MIBRX-72
running_tamper,Link1,0x33,R/W,MIBRX-72
running_oem_limit,Link1,0x34,R/W,MIBRX-72
running_fabrication,Link1,0x35,R/W,MIBRX-72
ERROR_CYCLE,Link1,0x36,R/W,MIBRX-72
SHOW_CYCLE,Link1,0x37,R/W,MIBRX-72
SHOW_HOLD,Link1,0x38,R/W,MIBRX-72
SHOW_bit_pb,Link1,0x39,R/W,MIBRX-72
SHOW_bit_pa,Link1,0x40,R/W,MIBRX-72
SHOW_bit_tb,Link1,0x41,R/W,MIBRX-72
SHOW_bit_ta,Link1,0x42,R/W,MIBRX-72
abn_tamper,Link1,0x43,R/W,MIBRX-72
abn_oem_lim,Link1,0x44,R/W,MIBRX-72
abn_fabrication,Link1,0x45,R/W,MIBRX-72
abnm_tamper,Link1,0x46,R/W,MIBRX-72
abnm_oem_lim,Link1,0x47,R/W,MIBRX-72
abnm_fabrication,Link1,0x48,R/W,MIBRX-72
reset_tamper,Link1,0x49,R/W,MIBRX-72
reset_oem_limit,Link1,0x50,R/W,MIBRX-72
reset_fabrication,Link1,0x51,R/W,MIBRX-72
wait_osr,Link1,0x52,R/W,MIBRX-72
wait_drop,Link1,0x53,R/W,MIBRX-72
oTemp,Link1,0x54,R/W,MIBRX-72
oPress,Link1,0x55,R/W,MIBRX-72
BYP_full,Link1,0x56,R/W,MIBRX-72
BYP_partial,Link1,0x57,R/W,MIBRX-72
no_partial,Link1,0x58,R/W,MIBRX-72
no_filter,Link1,0x59,R/W,MIBRX-72
MODE_DEBUG,Link1,0x60,R/W,MIBRX-72
SHOW_TIMER,Link1,3x1,R,MIBRX-72
CON_IP,Link1,3x1,R,MIBRX-72
CON_IPH,Link1,3x1,R,MIBRX-72
CON_IPL,Link1,3x1,R,MIBRX-72
cDate,Link1,3x1,R,MIBRX-72
cTime,Link1,3x1,R,MIBRX-72
gcDate,Link1,3x1,R,MIBRX-72
gcTime,Link1,3x1,R,MIBRX-72
SERR_TIMER,Link1,3x1,R,MIBRX-72
SERR_DELAY,Link1,4x1,R/W,MIBRX-72
TIMER_20m,Link1,3x1,R,MIBRX-72
TIMER_100h,Link1,3x1,R,MIBRX-72
TIMER_150h,Link1,3x52,R,MIBRX-72
ERR_ARR,Link1,0x1,R/W,MIBRX-72
PB,Link1,0x1,R/W,MIBRX-72
PA,Link1,0x1,R/W,MIBRX-72
TB,Link1,0x1,R/W,MIBRX-72
PB_PA,Link1,0x1,R/W,MIBRX-72
PB_TB,Link1,0x1,R/W,MIBRX-72
PA_TB,Link1,0x1,R/W,MIBRX-72
PB_PA_TB,Link1,0x1,R/W,MIBRX-72
OT,Link1,0x1,R/W,MIBRX-72
OP,Link1,0x1,R/W,MIBRX-72
OT_OP,Link1,0x1,R/W,MIBRX-72
BF,Link1,0x1,R/W,MIBRX-72
BP,Link1,0x1,R/W,MIBRX-72
ESF,Link1,0x1,R/W,MIBRX-72
ESF_PB,Link1,0x1,R/W,MIBRX-72
ESF_PA,Link1,0x1,R/W,MIBRX-72
ESF_TB,Link1,0x1,R/W,MIBRX-72
ESF_PB_PA,Link1,0x1,R/W,MIBRX-72
ESF_PB_TB,Link1,0x1,R/W,MIBRX-72
ESF_PA_TB,Link1,0x1,R/W,MIBRX-72
ESF_PB_PA_TB,Link1,0x1,R/W,MIBRX-72
ESF_OT,Link1,0x1,R/W,MIBRX-72
ESF_OP,Link1,0x1,R/W,MIBRX-72
ESF_OT_OP,Link1,0x1,R/W,MIBRX-72
ESF_BF,Link1,0x1,R/W,MIBRX-72
ESF_BP,Link1,0x1,R/W,MIBRX-72
ERC_CON,Link1,4x1,R/W,MIBRX-72
DGR_PB,Link1,0x1,R/W,MIBRX-72
DGR_PA,Link1,0x1,R/W,MIBRX-72
DGR_TB,Link1,0x1,R/W,MIBRX-72
DGR_ESF,Link1,0x1,R/W,MIBRX-72
DGR_ESF_PB,Link1,0x1,R/W,MIBRX-72
DGR_ESF_PA,Link1,0x1,R/W,MIBRX-72
DGR_ESF_TB,Link1,0x1,R/W,MIBRX-72
ERR_PERR,Link1,0x1,R/W,MIBRX-72
DGR,Link1,0x1,R/W,MIBRX-72
dummy_poff_pb,Link1,4x1,R/W,MIBRX-72
dummy_noff_pb,Link1,4x1,R/W,MIBRX-72
dummy_poff_pa,Link1,4x1,R/W,MIBRX-72
dummy_noff_pa,Link1,4x1,R/W,MIBRX-72
timer_pb_calb,Link1,3x1,R,MIBRX-72
timer_pa_calb,Link1,3x1,R,MIBRX-72
dummy_timer_2s,Link1,3x1,R,MIBRX-72
silence_timer,Link1,3x1,R,MIBRX-72
dec_pb_100,Link1,3x1,R,MIBRX-72
dec_pa_100,Link1,3x1,R,MIBRX-72
dummy_iph1000,Link1,3x1,R,MIBRX-72
dummy_iph_ud,Link1,3x1,R,MIBRX-72
timer_ip_add,Link1,3x1,R,MIBRX-72
ms_timer_alarm,Link1,3x1,R,MIBRX-72
ms_timer_rrtc,Link1,3x1,R,MIBRX-72
timer_estop_feed,Link1,3x1,R,MIBRX-72
err_dummy_true,Link1,0x1,R/W,MIBRX-72
err_dummy_false,Link1,0x1,R/W,MIBRX-72
eq,Link1,0x1,R/W,MIBRX-72
eno,Link1,0x1,R/W,MIBRX-72
err,Link1,0x1,R/W,MIBRX-72
en,Link1,0x1,R/W,MIBRX-72
dummy_pfy_pb,Link1,4x1,R/W,MIBRX-72
dummy_nfy_pb,Link1,4x1,R/W,MIBRX-72
dummy_pfy_pa,Link1,4x1,R/W,MIBRX-72
dummy_nfy_pa,Link1,4x1,R/W,MIBRX-72
time_osr,Link1,3x1,R,MIBRX-72
timer_estop_fail,Link1,3x1,R,MIBRX-72
time_drop,Link1,3x50,R,MIBRX-72
timer_abyp_f,Link1,3x1,R,MIBRX-72
timer_rbyp_f,Link1,3x1,R,MIBRX-72
timer_aopress,Link1,3x1,R,MIBRX-72
timer_ropress,Link1,3x1,R,MIBRX-72
timer_abyp_p,Link1,3x1,R,MIBRX-72
timer_rbyp_p,Link1,3x1,R,MIBRX-72
time_pause,Link1,3x1,R,MIBRX-72
pause,Link1,0x1,R/W,MIBRX-72
timer_reset_perr,Link1,3x1,R,MIBRX-72
